error;correcto;abrev
(\bAV(\.)?\b|\bAVDA(\.)?\b);AVENIDA;AV
(\bSTA(\.)?\b);SANTA;STA
(\bPJE(\.)?\b|\bPSJ(\.)?\b|\bPJ(\.)?\b|\bPSJE(\.)?\b);PASAJE;PJE
(\bDR(\.)?\b)(\bDOC(\.)?\b);DOCTOR;DR
(\bDEPTO(\.)?\b|\bDPTO(\.)?\b|\bDP(\.)?\b|\bDEPA(\.)?\b|\bDEP(\.)?\b);DEPARTAMENTO;DEPTO
(\bPB(\.)?\b|\bPOB(\.)?\b|\bPOBLA(\.)?\b|\bPBL(\.)?\b);POBLACION;PB
(\bPDTE(\.)?\b);PRESIDENTE;PDTE
(\bCAM(\.)?\b);CAMINO;CAM
(\bGRAL(\.)?\b);GENERAL;GRAL
(\bBRIG(\.)?\b);BRIGADIER;BRIG
(\bLT(\.)?\b);LOTE;LT
(\bSTGO\b);SANTIAGO;STGO
(\bPTO\b);PUERTO;PTO
(\bPTE\b);PUENTE;PTE
(\bFDO\b);FUNDO;FDO
(\bEDO\b);EDUARDO;EDO
(\bFCO\b);FRANCISCO;FCO
(\bDR\b);DOCTOR;DR
(\bSGTO\b);SARGENTO;SGTO
(\bNVA\b);NUEVA;NVA